dist,Df,Sum Sq,Mean Sq,F,N.Perm,Pr(>F),term
Bray,6,0.9201080103759348,0.1533513350626558,8.542959269679583,999,0.001,type
Jaccard,6,0.8283264484961512,0.13805440808269187,15.682347370731286,999,0.001,type
Aitchison,6,2017.1022162474085,336.18370270790143,15.751771449752416,999,0.001,type
Philr,6,191904.51125856908,31984.085209761513,3.213142548201313,999,0.015,type
Unifrac,6,0.7940492731490238,0.13234154552483732,10.131227253968756,999,0.001,type
WUnifrac,6,0.3264851350601334,0.054414189176688894,7.545529951801395,999,0.001,type
